N°Empresa,Empresa,NSector,Sector,Código,#,SA,Code
1,3R PETROLEUM,1,Oil,,,,RRRP3.SA
2,COSAN       ,1,Oil,,,,CSAN3.SA
3,ENAUTA PART,1,Oil,,,,ENAT3.SA
4,PET MANGUINH,1,Oil,,,,RPMG3.SA
5,PETROBRAS   ,1,Oil,,,,PETR3.SA
6,PETRORECSA ,1,Oil,,,,RECV3.SA
7,PETRORIO,1,Oil,,,,PRIO3.SA
8,RAIZEN,1,Oil,,,,RAIZ4.SA
9,ULTRAPAR    ,1,Oil,,,,UGPA3.SA
10,VIBRA,1,Oil,,,,VBBR3.SA
11,LUPATECH    ,1,Oil,,,,LUPA3.SA
12,OCEANPACT,1,Oil,,,,OPCT3.SA
13,OSX BRASIL  ,1,Oil,,,,OSXB3.SA
14,ÓLEO E GÁS PARTICIPAÇÕES S.A.,1,Oil,,,,OGXP3.SA
15,AURA 360,2,Mining,AURA,33,.SA,AURA33.SA
16,BRADESPAR   ,2,Mining,BRAP,3,.SA,BRAP3.SA
17,CBA,2,Mining,CBAV,3,.SA,CBAV3.SA
18,CSNMINERACAO,2,Mining,CMIN,3,.SA,CMIN3.SA
19,VALE        ,2,Mining,VALE,3,.SA,VALE3.SA
20,FERBASA     ,3,Basic Materials,FESA,3,.SA,FESA4.SA
21,GERDAU      ,3,Basic Materials,GGBR,3,.SA,GGBR3.SA
22,GERDAU MET  ,3,Basic Materials,GOAU,3,.SA,GOAU3.SA
23,SID NACIONAL,3,Basic Materials,CSNA,3,.SA,CSNA3.SA
24,USIMINAS    ,3,Basic Materials,USIM,3,.SA,USIM3.SA
25,MANGELS INDL,3,Basic Materials,MGEL,3,.SA,MGEL4.SA
26,PANATLANTICA,3,Basic Materials,PATI,3,.SA,PATI3.SA
27,TEKNO       ,3,Basic Materials,TKNO,3,.SA,TKNO4.SA
28,PARANAPANEMA,3,Basic Materials,PMAM,3,.SA,PMAM3.SA
29,BRASKEM     ,3,Basic Materials,BRKM,3,.SA,BRKM3.SA
30,DEXXOS PAR,3,Basic Materials,DEXP,3,.SA,DEXP3.SA
31,FER HERINGER,3,Basic Materials,FHER,3,.SA,FHER3.SA
32,NUTRIPLANT  ,3,Basic Materials,NUTR,3,.SA,NUTR3.SA
33,VITTIA,3,Basic Materials,VITT,3,.SA,VITT3.SA
34,CRISTAL,3,Basic Materials,CRPG,3,.SA,CRPG3.SA
35,UNIPAR      ,3,Basic Materials,UNIP,3,.SA,UNIP3.SA
36,IRANI ,3,Basic Materials,RANI,3,.SA,RANI3.SA
37,SANSUY      ,3,Basic Materials,SNSY,3,.SA,SNSY3.SA
38,FIBAM,3,Basic Materials,FBMC,3,.SA,FBMC3.SA
39,FIBRIA ,3,Basic Materials,FIBR,3,.SA,FIBR3.SA
40,METAL IGUACU,3,Basic Materials,MTIG,3,.SA,MTIG3.SA
41,DEXCO,4,Wood and Paper,DXCO,3,.SA,DXCO3.SA
42,EUCATEX     ,4,Wood and Paper,EUCA,3,.SA,EUCA4.SA
43,KLABIN S/A  ,4,Wood and Paper,KLBN,3,.SA,KLBN3.SA
44,MELHOR SP   ,4,Wood and Paper,MSPA,3,.SA,MSPA3.SA
45,SUZANO HOLD ,4,Wood and Paper,NEMO,3,.SA,NEMO3.SA
46,SUZANO S.A.,4,Wood and Paper,SUZB,3,.SA,SUZB3.SA
47,ETERNIT     ,5,Capital Goods and Services,ETER,3,.SA,ETER3.SA
48,HAGA S/A    ,5,Capital Goods and Services,HAGA,3,.SA,HAGA3.SA
49,PORTOBELLO  ,5,Capital Goods and Services,PTBL,3,.SA,PTBL3.SA
50,AZEVEDO     ,5,Capital Goods and Services,AZEV,3,.SA,AZEV3.SA
51,SONDOTECNICA,5,Capital Goods and Services,SOND,3,.SA,SOND3.SA
52,EMBRAER     ,5,Capital Goods and Services,EMBR,3,.SA,EMBR3.SA
53,FRAS-LE     ,5,Capital Goods and Services,FRAS,3,.SA,FRAS3.SA
54,MARCOPOLO   ,5,Capital Goods and Services,POMO,3,.SA,POMO3.SA
55,RANDON PART ,5,Capital Goods and Services,RAPT,3,.SA,RAPT3.SA
56,RECRUSUL    ,5,Capital Goods and Services,RCSL,3,.SA,RCSL3.SA
57,RIOSULENSE  ,5,Capital Goods and Services,RSUL,3,.SA,RSUL4.SA
58,TUPY        ,5,Capital Goods and Services,TUPY,3,.SA,TUPY3.SA
59,WETZEL S/A  ,5,Capital Goods and Services,MWET,3,.SA,MWET4.SA
60,SCHULZ      ,5,Capital Goods and Services,SHUL,3,.SA,SHUL4.SA
61,WEG         ,5,Capital Goods and Services,WEGE,3,.SA,WEGE3.SA
62,ACO ALTONA  ,5,Capital Goods and Services,EALT,3,.SA,EALT3.SA
63,AERIS,5,Capital Goods and Services,AERI,3,.SA,AERI3.SA
64,ARMAC,5,Capital Goods and Services,ARML,3,.SA,ARML3.SA
65,BARDELLA    ,5,Capital Goods and Services,BDLL,3,.SA,BDLL3.SA
66,INEPAR      ,5,Capital Goods and Services,INEP,3,.SA,INEP3.SA
67,KEPLER WEBER,5,Capital Goods and Services,KEPL,3,.SA,KEPL3.SA
68,METALFRIO   ,5,Capital Goods and Services,FRIO,3,.SA,FRIO3.SA
69,MILLS       ,5,Capital Goods and Services,MILS,3,.SA,MILS3.SA
70,NORDON MET  ,5,Capital Goods and Services,NORD,3,.SA,NORD3.SA
71,ROMI   ,5,Capital Goods and Services,ROMI,3,.SA,ROMI3.SA
72,METISA      ,5,Capital Goods and Services,MTSA,3,.SA,MTSA3.SA
73,TAURUS ARMAS,5,Capital Goods and Services,TASA,3,.SA,TASA3.SA
74,AZUL,5,Capital Goods and Services,AZUL,4,.SA,AZUL4.SA
75,GOL         ,5,Capital Goods and Services,GOLL,4,.SA,GOLL4.SA
76,FER C ATLANT,5,Capital Goods and Services,VSPT,3,.SA,VSPT3.SA
77,MRS LOGIST  ,5,Capital Goods and Services,MRSA,3B,.SA,MRSA3B.SA
78,RUMO S.A.,5,Capital Goods and Services,RAIL,3,.SA,RAIL3.SA
79,HIDROVIAS,5,Capital Goods and Services,HBSA,3,.SA,HBSA3.SA
80,LOG-IN      ,5,Capital Goods and Services,LOGN,3,.SA,LOGN3.SA
81,JSL         ,5,Capital Goods and Services,JSLG,3,.SA,JSLG3.SA
82,TEGMA       ,5,Capital Goods and Services,TGMA,3,.SA,TGMA3.SA
83,CCR SA      ,5,Capital Goods and Services,CCRO,3,.SA,CCRO3.SA
84,ECORODOVIAS ,5,Capital Goods and Services,ECOR,3,.SA,ECOR3.SA
85,TRIUNFO PART,5,Capital Goods and Services,TPIS,3,.SA,TPIS3.SA
86,PORTO VM,5,Capital Goods and Services,PSVM,11,.SA,PSVM11.SA
87,SANTOS BRP  ,5,Capital Goods and Services,STBP,3,.SA,STBP3.SA
88,WILSON SONS ,5,Capital Goods and Services,PORT,3,.SA,PORT3.SA
89,ATMASA,5,Capital Goods and Services,ATMP,3,.SA,ATMP3.SA
90,DTCOM-DIRECT,5,Capital Goods and Services,DTCY,3,.SA,DTCY3.SA
91,ESTAPAR,5,Capital Goods and Services,ALPK,3,.SA,ALPK3.SA
92,GPS,5,Capital Goods and Services,GGPS,3,.SA,GGPS3.SA
93,PRINER,5,Capital Goods and Services,PRNR,3,.SA,PRNR3.SA
94,SEQUOIA LOG,5,Capital Goods and Services,SEQL,3,.SA,SEQL3.SA
95,VALID       ,5,Capital Goods and Services,VLID,3,.SA,VLID3.SA
96,EMBPAR S/A,5,Capital Goods and Services,EPAR,3,.SA,EPAR3.SA
97,MINASMAQUINA,5,Capital Goods and Services,MMAQ,3,.SA,MMAQ3.SA
98,WLM IND COM ,5,Capital Goods and Services,WLMM,3,.SA,WLMM3.SA
99,DOC IMBITUBA,5,Capital Goods and Services,IMBI,3,.SA,IMBI3.SA
100,PRUMO,5,Capital Goods and Services,PRML,3,.SA,PRML3.SA
101,SULTEPA ,5,Capital Goods and Services,SULT,3,.SA,SULT3.SA
102,3TENTOS,6,Farming,TTEN,3,.SA,TTEN3.SA
103,AGRIBRASIL,6,Farming,GRAO,3,.SA,GRAO3.SA
104,AGROGALAXY,6,Farming,AGXY,3,.SA,AGXY3.SA
105,ALIPERTI    ,6,Farming,APTI,4,.SA,APTI4.SA
106,BOA SAFRA,6,Farming,SOJA,3,.SA,SOJA3.SA
107,BRASILAGRO  ,6,Farming,AGRO,3,.SA,AGRO3.SA
108,SLC AGRICOLA,6,Farming,SLCE,3,.SA,SLCE3.SA
109,TERRASANTAPA,6,Farming,LAND,3,.SA,LAND3.SA
110,JALLESMACHAD,7,Consumer non Cyclical,JALL,3,.SA,JALL3.SA
111,SAO MARTINHO,7,Consumer non Cyclical,SMTO,3,.SA,SMTO3.SA
112,BRF SA   ,7,Consumer non Cyclical,BRFS,3,.SA,BRFS3.SA
113,EXCELSIOR   ,7,Consumer non Cyclical,BAUH,3,.SA,BAUH3.SA
114,JBS         ,7,Consumer non Cyclical,JBSS,3,.SA,JBSS3.SA
115,MARFRIG     ,7,Consumer non Cyclical,MRFG,3,.SA,MRFG3.SA
116,MINERVA     ,7,Consumer non Cyclical,BEEF,3,.SA,BEEF3.SA
117,MINUPAR     ,7,Consumer non Cyclical,MNPR,3,.SA,MNPR3.SA
118,CAMIL,7,Consumer non Cyclical,CAML,3,.SA,CAML3.SA
119,JOSAPAR     ,7,Consumer non Cyclical,JOPA,3,.SA,JOPA3.SA
120,M.DIASBRANCO,7,Consumer non Cyclical,MDIA,3,.SA,MDIA3.SA
121,ODERICH     ,7,Consumer non Cyclical,ODER,4,.SA,ODER4.SA
122,AMBEV S/A,7,Consumer non Cyclical,ABEV,3,.SA,ABEV3.SA
123,GRUPO NATURA      ,7,Consumer non Cyclical,NTCO,3,.SA,NTCO3.SA
124,BOMBRIL     ,7,Consumer non Cyclical,BOBR,3,.SA,BOBR3.SA
125,ASSAI,7,Consumer non Cyclical,ASAI,3,.SA,ASAI3.SA
126,CARREFOUR BR,7,Consumer non Cyclical,CRFB,3,.SA,CRFB3.SA
127,GRUPO MATEUS,7,Consumer non Cyclical,GMAT,3,.SA,GMAT3.SA
128,ÉXITO,7,Consumer non Cyclical,EXCO,32,.SA,EXCO32.SA
129,P.ACUCAR-CBD,7,Consumer non Cyclical,PCAR,3,.SA,PCAR3.SA
130,BR PHARMA,7,Consumer non Cyclical,BPHA,3,.SA,BPHA3.SA
131,TEREOS ,7,Consumer non Cyclical,TERI,3,.SA,TERI3.SA
132,ALPHAVILLE,8,Heavy Construction,AVLL,3,.SA,AVLL3.SA
133,CONST A LIND,8,Heavy Construction,CALI,3,.SA,CALI3.SA
134,CURY S/A,8,Heavy Construction,CURY,3,.SA,CURY3.SA
135,CYRELA REALT,8,Heavy Construction,CYRE,3,.SA,CYRE3.SA
136,DIRECIONAL  ,8,Heavy Construction,DIRR,3,.SA,DIRR3.SA
137,EVEN        ,8,Heavy Construction,EVEN,3,.SA,EVEN3.SA
138,EZTEC       ,8,Heavy Construction,EZTC,3,.SA,EZTC3.SA
139,FICA,8,Heavy Construction,FIEI,3,.SA,FIEI3.SA
140,GAFISA      ,8,Heavy Construction,GFSA,3,.SA,GFSA3.SA
141,HELBOR      ,8,Heavy Construction,HBOR,3,.SA,HBOR3.SA
142,JHSF PART   ,8,Heavy Construction,JHSF,3,.SA,JHSF3.SA
143,JOAO FORTES ,8,Heavy Construction,JFEN,3,.SA,JFEN3.SA
144,LAVVI,8,Heavy Construction,LAVV,3,.SA,LAVV3.SA
145,MELNICK,8,Heavy Construction,MELK,3,.SA,MELK3.SA
146,MITRE REALTY,8,Heavy Construction,MTRE,3,.SA,MTRE3.SA
147,MOURA DUBEUX,8,Heavy Construction,MDNE,3,.SA,MDNE3.SA
148,MRV         ,8,Heavy Construction,MRVE,3,.SA,MRVE3.SA
149,PDG REALT   ,8,Heavy Construction,PDGR,3,.SA,PDGR3.SA
150,PLANOEPLANO,8,Heavy Construction,PLPL,3,.SA,PLPL3.SA
151,RNI,8,Heavy Construction,RDNI,3,.SA,RDNI3.SA
152,ROSSI RESID ,8,Heavy Construction,RSID,3,.SA,RSID3.SA
153,TECNISA     ,8,Heavy Construction,TCSA,3,.SA,TCSA3.SA
154,TENDA,8,Heavy Construction,TEND,3,.SA,TEND3.SA
155,TRISUL      ,8,Heavy Construction,TRIS,3,.SA,TRIS3.SA
156,VIVER       ,8,Heavy Construction,VIVR,3,.SA,VIVR3.SA
157,MENDES JR,8,Heavy Construction,MEND,3,.SA,MEND3.SA
158,CEDRO       ,9,Consumer Cyclical,CEDO,3,.SA,CEDO4.SA
159,COTEMINAS   ,9,Consumer Cyclical,CTNM,3,.SA,CTNM3.SA
160,DOHLER      ,9,Consumer Cyclical,DOHL,3,.SA,DOHL4.SA
161,KARSTEN     ,9,Consumer Cyclical,CTKA,3,.SA,CTKA3.SA
162,PETTENATI   ,9,Consumer Cyclical,PTNT,3,.SA,PTNT4.SA
163,SANTANENSE  ,9,Consumer Cyclical,CTSA,3,.SA,CTSA3.SA
164,SPRINGS     ,9,Consumer Cyclical,SGPS,3,.SA,SGPS3.SA
165,TEKA        ,9,Consumer Cyclical,TEKA,3,.SA,TEKA4.SA
166,TEX RENAUX  ,9,Consumer Cyclical,TXRX,3,.SA,TXRX4.SA
167,TRACK FIELD,9,Consumer Cyclical,TFCO,4,.SA,TFCO4.SA
168,ALPARGATAS  ,9,Consumer Cyclical,ALPA,3,.SA,ALPA3.SA
169,CAMBUCI     ,9,Consumer Cyclical,CAMB,3,.SA,CAMB3.SA
170,GRENDENE    ,9,Consumer Cyclical,GRND,3,.SA,GRND3.SA
171,VULCABRAS   ,9,Consumer Cyclical,VULC,3,.SA,VULC3.SA
172,MUNDIAL     ,9,Consumer Cyclical,MNDL,3,.SA,MNDL3.SA
173,TECHNOS     ,9,Consumer Cyclical,TECN,3,.SA,TECN3.SA
174,VIVARA S.A.,9,Consumer Cyclical,VIVA,3,.SA,VIVA3.SA
175,WHIRLPOOL   ,9,Consumer Cyclical,WHRL,3,.SA,WHRL3.SA
176,MOBLY,9,Consumer Cyclical,MBLY,3,.SA,MBLY3.SA
177,UNICASA,9,Consumer Cyclical,UCAS,3,.SA,UCAS3.SA
178,WESTWING,9,Consumer Cyclical,WEST,3,.SA,WEST3.SA
179,HERCULES    ,9,Consumer Cyclical,HETA,3,.SA,HETA3.SA
180,IOCHP-MAXION,9,Consumer Cyclical,MYPK,3,.SA,MYPK3.SA
181,METAL LEVE  ,9,Consumer Cyclical,LEVE,3,.SA,LEVE3.SA
182,PLASCAR PART,9,Consumer Cyclical,PLAS,3,.SA,PLAS3.SA
183,HOTEIS OTHON,9,Consumer Cyclical,HOOT,3,.SA,HOOT3.SA
184,IMC S/A,9,Consumer Cyclical,MEAL,3,.SA,MEAL3.SA
185,ZAMP S.A.,9,Consumer Cyclical,ZAMP,3,.SA,ZAMP3.SA
186,BIC MONARK  ,9,Consumer Cyclical,BMKS,3,.SA,BMKS3.SA
187,ESTRELA     ,9,Consumer Cyclical,ESTR,3,.SA,ESTR4.SA
188,SPTURIS     ,9,Consumer Cyclical,AHEB,3,.SA,AHEB3.SA
189,TIME FOR FUN,9,Consumer Cyclical,SHOW,3,.SA,SHOW3.SA
190,CVC BRASIL,9,Consumer Cyclical,CVCB,3,.SA,CVCB3.SA
191,SMART FIT,9,Consumer Cyclical,SMFT,3,.SA,SMFT3.SA
192,ANIMA,9,Consumer Cyclical,ANIM,3,.SA,ANIM3.SA
193,BAHEMA      ,9,Consumer Cyclical,BAHI,3,.SA,BAHI3.SA
194,COGNA ON,9,Consumer Cyclical,COGN,3,.SA,COGN3.SA
195,CRUZEIRO EDU,9,Consumer Cyclical,CSED,3,.SA,CSED3.SA
196,SER EDUCA,9,Consumer Cyclical,SEER,3,.SA,SEER3.SA
197,VITRUEDUCA,9,Consumer Cyclical,VTRU,3,.SA,VTRU3.SA
198,YDUQS PART,9,Consumer Cyclical,YDUQ,3,.SA,YDUQ3.SA
199,LOCALIZA    ,9,Consumer Cyclical,RENT,3,.SA,RENT3.SA
200,MOVIDA,9,Consumer Cyclical,MOVI,3,.SA,MOVI3.SA
201,VAMOS,9,Consumer Cyclical,VAMO,3,.SA,VAMO3.SA
202,DOTZ SA,9,Consumer Cyclical,DOTZ,3,.SA,DOTZ3.SA
203,AREZZO CO   ,9,Consumer Cyclical,ARZZ,3,.SA,ARZZ3.SA
204,CEA MODAS,9,Consumer Cyclical,CEAB,3,.SA,CEAB3.SA
205,GRAZZIOTIN  ,9,Consumer Cyclical,CGRA,3,.SA,CGRA3.SA
206,GRUPO SOMA,9,Consumer Cyclical,SOMA,3,.SA,SOMA3.SA
207,GUARARAPES  ,9,Consumer Cyclical,GUAR,3,.SA,GUAR3.SA
208,LOJAS MARISA,9,Consumer Cyclical,AMAR,3,.SA,AMAR3.SA
209,LOJAS RENNER,9,Consumer Cyclical,LREN,3,.SA,LREN3.SA
210,VESTE,9,Consumer Cyclical,VSTE,3,.SA,VSTE3.SA
211,ALLIED,9,Consumer Cyclical,ALLD,3,.SA,ALLD3.SA
212,CASAS BAHIA,9,Consumer Cyclical,BHIA,3,.SA,BHIA3.SA
213,MAGAZ LUIZA ,9,Consumer Cyclical,MGLU,3,.SA,MGLU3.SA
214,AMERICANAS,9,Consumer Cyclical,AMER,3,.SA,AMER3.SA
215,ESPACOLASER,9,Consumer Cyclical,ESPA,3,.SA,ESPA3.SA
216,GRUPO SBF,9,Consumer Cyclical,SBFG,3,.SA,SBFG3.SA
217,PETZ,9,Consumer Cyclical,PETZ,3,.SA,PETZ3.SA
218,QUERO-QUERO,9,Consumer Cyclical,LJQQ,3,.SA,LJQQ3.SA
219,BUETTNER,9,Consumer Cyclical,BUET,3,.SA,BUET3.SA
220,D H B ,9,Consumer Cyclical,DHBI,3,.SA,DHBI3.SA
221,ENCORPAR,9,Consumer Cyclical,ECPR,3,.SA,ECPR3.SA
222,LOJAS HERING,9,Consumer Cyclical,LHER,3,.SA,LHER3.SA
223,SCHLOSSER ,9,Consumer Cyclical,SCLO,3,.SA,SCLO3.SA
224,TECEL S JOSE,9,Consumer Cyclical,SJOS,3,.SA,SJOS3.SA
225,SARAIVA LIVR,9,Consumer Cyclical,SLED,3,.SA,SLED3.SA
226,BIOMM       ,10,Health,BIOM,3,.SA,BIOM3.SA
227,OUROFINO S/A,10,Health,OFSA,3,.SA,OFSA3.SA
228,ALLIAR,10,Health,AALR,3,.SA,AALR3.SA
229,DASA        ,10,Health,DASA,3,.SA,DASA3.SA
230,FLEURY      ,10,Health,FLRY,3,.SA,FLRY3.SA
231,HAPVIDA,10,Health,HAPV,3,.SA,HAPV3.SA
232,KORA SAUDE,10,Health,KRSA,3,.SA,KRSA3.SA
233,MATER DEI,10,Health,MATD,3,.SA,MATD3.SA
234,ODONTOPREV  ,10,Health,ODPV,3,.SA,ODPV3.SA
235,ONCOCLINICAS,10,Health,ONCO,3,.SA,ONCO3.SA
236,QUALICORP   ,10,Health,QUAL,3,.SA,QUAL3.SA
237,REDE D OR,10,Health,RDOR,3,.SA,RDOR3.SA
238,BAUMER      ,10,Health,BALM,3,.SA,BALM4.SA
239,BLAU,10,Health,BLAU,3,.SA,BLAU3.SA
240,D1000VFARMA,10,Health,DMVF,3,.SA,DMVF3.SA
241,DIMED       ,10,Health,PNVL,3,.SA,PNVL3.SA
242,HYPERA,10,Health,HYPE,3,.SA,HYPE3.SA
243,PAGUE MENOS,10,Health,PGMN,3,.SA,PGMN3.SA
244,PROFARMA    ,10,Health,PFRM,3,.SA,PFRM3.SA
245,RAIADROGASIL    ,10,Health,RADL,3,.SA,RADL3.SA
246,VIVEO,10,Health,VVEO,3,.SA,VVEO3.SA
247,ADVANCED-DH ,10,Health,ADHM,3,.SA,ADHM3.SA
248,CREMER ,10,Health,CREM,3,.SA,CREM3.SA
249,INTELBRAS,11,Information Technology,INTB,3,.SA,INTB3.SA
250,MULTILASER,11,Information Technology,MLAS,3,.SA,MLAS3.SA
251,POSITIVO TEC,11,Information Technology,POSI,3,.SA,POSI3.SA
252,BEMOBI TECH,11,Information Technology,BMOB,3,.SA,BMOB3.SA
253,ENJOEI,11,Information Technology,ENJU,3,.SA,ENJU3.SA
254,GETNINJAS,11,Information Technology,NINJ,3,.SA,NINJ3.SA
255,INFRACOMM,11,Information Technology,IFCM,3,.SA,IFCM3.SA
256,LWSA,11,Information Technology,LWSA,3,.SA,LWSA3.SA
257,MELIUZ,11,Information Technology,CASH,3,.SA,CASH3.SA
258,NEOGRID,11,Information Technology,NGRD,3,.SA,NGRD3.SA
259,PADTEC,11,Information Technology,PDTC,3,.SA,PDTC3.SA
260,TC,11,Information Technology,TRAD,3,.SA,TRAD3.SA
261,TOTVS       ,11,Information Technology,TOTS,3,.SA,TOTS3.SA
262,WDC NETWORKS,11,Information Technology,LVTC,3,.SA,LVTC3.SA
263,BRISANET,12,Communications,BRIT,3,.SA,BRIT3.SA
264,DESKTOP,12,Communications,DESK,3,.SA,DESK3.SA
265,OI,12,Communications,OIBR,3,.SA,OIBR3.SA
266,TELEBRAS    ,12,Communications,TELB,3,.SA,TELB4.SA
267,TELEF BRASIL,12,Communications,VIVT,3,.SA,VIVT3.SA
268,TIM,12,Communications,TIMS,3,.SA,TIMS3.SA
269,UNIFIQUE,12,Communications,FIQE,3,.SA,FIQE3.SA
270,ELETROMIDIA,12,Communications,ELMD,3,.SA,ELMD3.SA
271,AES BRASIL,13,Utilities,AESB,3,.SA,AESB3.SA
272,AFLUENTE T  ,13,Utilities,AFLT,3,.SA,AFLT3.SA
273,ALUPAR,13,Utilities,ALUP,3,.SA,ALUP3.SA
274,AMPLA ENERG ,13,Utilities,CBEE,3,.SA,CBEE3.SA
275,AUREN,13,Utilities,AURE,3,.SA,AURE3.SA
276,CEB         ,13,Utilities,CEBR,3,.SA,CEBR6.SA
277,CEEE-D      ,13,Utilities,CEED,3,.SA,CEED3.SA
278,CELESC      ,13,Utilities,CLSC,3,.SA,CLSC3.SA
279,CELGPAR     ,13,Utilities,GPAR,3,.SA,GPAR3.SA
280,CEMIG       ,13,Utilities,CMIG,3,.SA,CMIG3.SA
281,COELBA      ,13,Utilities,CEEB,3,.SA,CEEB3.SA
282,COELCE      ,13,Utilities,COCE,3,.SA,COCE5.SA
283,COPEL       ,13,Utilities,CPLE,3,.SA,CPLE3.SA
284,COSERN      ,13,Utilities,CSRN,3,.SA,CSRN3.SA
285,CPFL ENERGIA,13,Utilities,CPFE,3,.SA,CPFE3.SA
286,ELEKTRO     ,13,Utilities,EKTR,3,.SA,EKTR3.SA
287,ELETROBRAS  ,13,Utilities,ELET,3,.SA,ELET3.SA
288,ELETROPAR   ,13,Utilities,LIPR,3,.SA,LIPR3.SA
289,ENERGISA    ,13,Utilities,ENGI,3,.SA,ENGI3.SA
290,ENERGISA MT,13,Utilities,ENMT,3,.SA,ENMT4.SA
291,ENEVA,13,Utilities,ENEV,3,.SA,ENEV3.SA
292,ENGIE BRASIL,13,Utilities,EGIE,3,.SA,EGIE3.SA
293,EQTL PARA,13,Utilities,EQPA,3,.SA,EQPA3.SA
294,EQTLMARANHAO,13,Utilities,EQMA,3B,.SA,EQMA3B.SA
295,EQUATORIAL  ,13,Utilities,EQTL,3,.SA,EQTL3.SA
296,GER PARANAP ,13,Utilities,GEPA,3,.SA,GEPA3.SA
297,LIGHT,13,Utilities,LIGH,3,.SA,LIGH3.SA
298,LIGHT S/A   ,13,Utilities,LIGT,3,.SA,LIGT3.SA
299,NEOENERGIA  ,13,Utilities,NEOE,3,.SA,NEOE3.SA
300,SERENA,13,Utilities,SRNA,3,.SA,SRNA3.SA
301,REDE ENERGIA,13,Utilities,REDE,3,.SA,REDE3.SA
302,RENOVA      ,13,Utilities,RNEW,3,.SA,RNEW3.SA
303,TAESA       ,13,Utilities,TAEE,3,.SA,TAEE3.SA
304,TRAN PAULIST,13,Utilities,TRPL,3,.SA,TRPL3.SA
305,AMBIPAR,13,Utilities,AMBP,3,.SA,AMBP3.SA
306,CASAN       ,13,Utilities,CASN,3,.SA,CASN3.SA
307,COPASA      ,13,Utilities,CSMG,3,.SA,CSMG3.SA
308,ORIZON,13,Utilities,ORVR,3,.SA,ORVR3.SA
309,SABESP      ,13,Utilities,SBSP,3,.SA,SBSP3.SA
310,SANEPAR     ,13,Utilities,SAPR,3,.SA,SAPR3.SA
311,CEG         ,13,Utilities,CEGR,3,.SA,CEGR3.SA
312,COMGAS      ,13,Utilities,CGAS,3,.SA,CGAS5.SA
313,AELP,13,Utilities,AELP,3,.SA,AELP3.SA
314,ABC BRASIL  ,14,Financial,ABCB,4,.SA,ABCB4.SA
315,ALFA HOLDING,14,Financial,RPAD,3,.SA,RPAD3.SA
316,AMAZONIA    ,14,Financial,BAZA,3,.SA,BAZA3.SA
317,BANCO BMG,14,Financial,BMGB,4,.SA,BMGB4.SA
318,BANCO PAN,14,Financial,BPAN,4,.SA,BPAN4.SA
319,BANESE      ,14,Financial,BGIP,3,.SA,BGIP4.SA
320,BANESTES    ,14,Financial,BEES,3,.SA,BEES3.SA
321,BANPARA     ,14,Financial,BPAR,3,.SA,BPAR3.SA
322,BANRISUL    ,14,Financial,BRSR,3,.SA,BRSR3.SA
323,BR PARTNERS,14,Financial,BRBI,11,.SA,BRBI11.SA
324,BRADESCO    ,14,Financial,BBDC,3,.SA,BBDC3.SA
325,BRASIL      ,14,Financial,BBAS,3,.SA,BBAS3.SA
326,BRB BANCO   ,14,Financial,BSLI,3,.SA,BSLI3.SA
327,BTGP BANCO,14,Financial,BPAC,3,.SA,BPAC3.SA
328,INTER CO,14,Financial,INBR,32,.SA,INBR32.SA
329,ITAUUNIBANCO,14,Financial,ITUB,3,.SA,ITUB3.SA
330,MERCANTIL,14,Financial,BMEB,3,.SA,BMEB3.SA
331,MERC INVEST ,14,Financial,BMIN,3,.SA,BMIN4.SA
332,NORD BRASIL ,14,Financial,BNBR,3,.SA,BNBR3.SA
333,PINE        ,14,Financial,PINE,3,.SA,PINE3.SA
334,SANTANDER BR,14,Financial,SANB,3,.SA,SANB3.SA
335,DMFINANCEIRA,14,Financial,DMFN,3,.SA,DMFN3.SA
336,MERC FINANC ,14,Financial,MERC,3,.SA,MERC4.SA
337,G2D INVEST,14,Financial,G2DI,33,.SA,G2DI33.SA
338,GP INVEST   ,14,Financial,GPIV,33,.SA,GPIV33.SA
339,PPLA,14,Financial,PPLA,35,.SA,PPLA35.SA
340,B3 ,14,Financial,B3SA,3,.SA,B3SA3.SA
341,CIELO       ,14,Financial,CIEL,3,.SA,CIEL3.SA
342,CLEARSALE,14,Financial,CLSA,3,.SA,CLSA3.SA
343,CSU DIGITAL,14,Financial,CSUD,3,.SA,CSUD3.SA
344,STONE CO,14,Financial,STOC,31,.SA,STOC31.SA
345,XP INC,14,Financial,XPBR,31,.SA,XPBR31.SA
346,BBSEGURIDADE,14,Financial,BBSE,3,.SA,BBSE3.SA
347,CAIXA SEGURI,14,Financial,CXSE,3,.SA,CXSE3.SA
348,PORTO SEGURO,14,Financial,PSSA,3,.SA,PSSA3.SA
349,IRBBRASIL RE,14,Financial,IRBR,3,.SA,IRBR3.SA
350,ALPER S.A.,14,Financial,APER,3,.SA,APER3.SA
351,WIZ CO,14,Financial,WIZC,3,.SA,WIZC3.SA
352,ALLOS,14,Financial,ALOS,3,.SA,ALOS3.SA
353,GENERALSHOPP,14,Financial,GSHP,3,.SA,GSHP3.SA
354,HABITASUL   ,14,Financial,HBTS,5,.SA,HBTS5.SA
355,HBR REALTY,14,Financial,HBRE,3,.SA,HBRE3.SA
356,IGUATEMI S.A,14,Financial,IGTI,3,.SA,IGTI3.SA
357,LOG COM PROP,14,Financial,LOGG,3,.SA,LOGG3.SA
358,MULTIPLAN   ,14,Financial,MULT,3,.SA,MULT3.SA
359,PAR AL BAHIA,14,Financial,PEAB,3,.SA,PEAB3.SA
360,SAO CARLOS  ,14,Financial,SCAR,3,.SA,SCAR3.SA
361,SYN PROP TEC,14,Financial,SYNE,3,.SA,SYNE3.SA
362,LOPES BRASIL,14,Financial,LPSB,3,.SA,LPSB3.SA
363,NEXPE,14,Financial,NEXP,3,.SA,NEXP3.SA
364,ITAUSA      ,14,Financial,ITSA,3,.SA,ITSA3.SA
365,MONT ARANHA ,14,Financial,MOAR,3,.SA,MOAR3.SA
366,SIMPAR,14,Financial,SIMH,3,.SA,SIMH3.SA
367,ALFA CONSORC,14,Financial,BRGE,3,.SA,BRGE3.SA
368,ALFA INVEST,14,Financial,BRIV,3,.SA,BRIV3.SA
369,BRPR 44 SEC ,14,Financial,BRPR,3,.SA,BRPR3.SA
370,COR RIBEIRO,14,Financial,CORR,3,.SA,CORR3.SA
371,ALFA FINANC,14,Financial,CRIV,3,.SA,CRIV3.SA
372,RJCP ,14,Financial,RJCP,3,.SA,RJCP3.SA
373,ATOMPAR,15,Otros,ATOM,3,.SA,ATOM3.SA
374,CEMEPE      ,15,Otros,MAPT,3,.SA,MAPT3.SA
375,INVEST BEMGE,15,Otros,FIGE,3,.SA,FIGE3.SA
376,POLPAR      ,15,Otros,PPAR,3,.SA,PPAR3.SA
377,COBRASMA,15,Otros,CBMA,3,.SA,CBMA3.SA
378,LA FONTE TEL,15,Otros,LFFE,3,.SA,LFFE3.SA
